(-21260;2958;816;)
(-21259;2968;808;)
(-21252;2963;812;)
(-21251;2959;792;)
(-21247;2970;841;)
(-21247;2967;821;)
(-21246;2959;848;)
(-21246;2974;813;)
(-21244;2955;802;)
(-21243;2935;833;)
(-21242;2934;819;)
(-21242;2957;794;)
(-21239;2972;801;)
(-21238;2941;812;)
(-21238;2963;796;)
(-21234;2948;817;)
(-21234;2973;820;)
(-21233;2941;808;)
(-21233;2965;822;)
(-21233;2991;786;)
(-21233;2963;826;)
(-21232;2981;829;)
(-21231;2989;788;)
(-21231;2954;789;)
(-21231;2965;832;)
(-21230;2986;807;)
(-21229;2980;790;)
(-21229;2970;828;)
(-21229;2926;813;)
(-21228;2999;791;)
(-21228;2969;811;)
(-21228;2946;831;)
(-21225;2968;823;)
(-21224;2946;789;)
(-21224;2993;777;)
(-21224;2922;815;)
(-21223;2982;801;)
(-21223;2952;831;)
(-21222;2969;817;)
(-21222;2981;790;)
(-21222;2943;821;)
(-21220;2979;804;)
(-21220;2945;838;)
(-21219;2961;784;)
(-21219;2984;792;)
(-21219;2978;799;)
(-21219;2932;810;)
(-21218;2977;782;)
(-21217;2980;1019;)
(-21217;2933;800;)
(-21217;2983;788;)
(-21216;2938;822;)
(-21216;2951;799;)
(-21215;2980;787;)
(-21214;2946;797;)
(-21214;2952;787;)
(-21214;2977;915;)
(-21214;3003;779;)
(-21213;2995;783;)
(-21212;2973;812;)
(-21212;2959;824;)
(-21211;2951;779;)
(-21211;3001;798;)
(-21211;2943;795;)
(-21211;2992;784;)
(-21210;2974;903;)
(-21210;2996;773;)
(-21209;2976;815;)
(-21208;2932;754;)
(-21208;2982;802;)
(-21208;2943;799;)
(-21208;2993;783;)
(-21207;2944;1095;)
(-21207;2943;790;)
(-21206;2946;803;)
(-21206;2995;794;)
(-21205;2926;749;)
(-21205;2954;817;)
(-21205;3004;785;)
(-21199;2970;843;)
(-21198;2968;830;)
(-21197;2978;824;)
(-21197;3004;784;)
(-21196;2938;759;)
(-21196;2968;812;)
(-21195;2924;830;)
(-21194;2926;831;)
(-21194;2953;815;)
(-21193;2982;823;)
(-21191;2945;829;)
(-21190;2953;819;)
(-21190;2939;823;)
(-21181;2940;820;)
(-21180;2940;825;)
(-21179;2978;838;)
(-21179;2981;844;)
(-21177;2945;814;)
(-20918;3033;1145;)
(-20667;3073;1470;)
(-20442;3102;1756;)
(14553;2919;889;)
(14541;3024;657;)
(14539;3290;167;)
(14537;2962;829;)
(14536;2995;755;)
(14525;3308;179;)
(14518;3313;273;)
(14512;3310;402;)
(14505;3290;-445;)
(14500;3121;918;)
(14486;3106;1061;)
(14417;3290;604;)
(14289;3830;-154;)
(14266;3309;1239;)
(14265;3324;580;)
(14265;3303;1268;)
(14263;3327;565;)
(14263;3297;1273;)
(14262;3250;1351;)
(14261;3311;1256;)
(14261;3301;1212;)
(14259;3307;394;)
(14259;3334;589;)
(14257;3254;1306;)
(14257;3300;1213;)
(14256;3308;373;)
(14255;3283;1180;)
(14254;3279;1155;)
(14254;3293;1284;)
(14253;3317;363;)
(14253;3315;581;)
(14253;3252;1273;)
(14252;3313;1253;)
(14251;3291;1178;)
(14251;3291;1168;)
(14250;3312;331;)
(14249;3308;530;)
(14248;3312;427;)
(14248;3292;815;)
(14248;3298;1183;)
(14248;3324;1187;)
(14247;3317;583;)
(14246;3300;1196;)
(14246;3304;1218;)
(14245;3322;601;)
(14245;3275;1203;)
(14245;3306;1231;)
(14244;3287;1130;)
(14244;3300;1276;)
(14244;3287;1297;)
(14243;3313;575;)
(14243;3325;488;)
(14243;3263;1268;)
(14243;3312;1180;)
(14243;3337;1194;)
(14242;3305;1224;)
(14241;3301;1284;)
(14241;3322;1231;)
(14240;3321;317;)
(14240;3306;517;)
(14240;3307;1302;)
(14240;3339;1198;)
(14239;3299;792;)
(14238;3310;455;)
(14238;3311;1291;)
(14238;3328;1184;)
(14238;3333;1208;)
(14237;3320;245;)
(14237;3299;511;)
(14237;3327;644;)
(14237;3334;1189;)
(14236;3315;494;)
(14236;3316;1311;)
(14236;3324;1189;)
(14234;3328;491;)
(14234;3272;1264;)
(14234;3323;1184;)
(14233;3306;1298;)
(14233;3323;1199;)
(14232;3247;1178;)
(14232;3334;1191;)
(14231;3321;565;)
(14230;3303;1212;)
(14229;3305;499;)
(14229;3309;1233;)
(14229;3335;1204;)
(14228;3324;273;)
(14228;3317;560;)
(14228;3308;609;)
(14228;3317;515;)
(14228;3329;500;)
(14227;3312;464;)
(14226;3323;560;)
(14226;3317;457;)
(14226;3321;1195;)
(14225;3314;588;)
(14225;3328;477;)
(14225;3324;1192;)
(14224;3325;607;)
(14223;3328;618;)
(14223;3326;612;)
(-1110;-13723;-3916;)
(-1072;-13720;-3887;)
(-1074;-13717;-3894;)
(-1082;-13714;-3914;)
(-1114;-13707;-3915;)
(-1112;-13699;-3919;)
(-1070;-13695;-3871;)
(-1077;-13692;-4014;)
(-1040;-13689;-3968;)
(-1058;-13689;-3961;)
(-1049;-13689;-3948;)
(-1049;-13688;-3982;)
(-1059;-13686;-3946;)
(-1102;-13686;-3921;)
(-1068;-13685;-4019;)
(-1058;-13684;-3926;)
(-1061;-13684;-3898;)
(-1068;-13683;-3944;)
(-1060;-13681;-3911;)
(-1095;-13681;-3923;)
(-1038;-13680;-3987;)
(-1049;-13680;-3941;)
(-1088;-13680;-3919;)
(-1074;-13679;-4017;)
(-1073;-13678;-4033;)
(-1032;-13678;-3996;)
(-1110;-13678;-3923;)
(-1089;-13678;-3917;)
(-1039;-13677;-3993;)
(-1053;-13676;-3981;)
(-1077;-13675;-4007;)
(-1037;-13675;-3914;)
(-1095;-13675;-3914;)
(-1076;-13674;-4005;)
(-1037;-13674;-3978;)
(-1052;-13673;-3909;)
(-1072;-13670;-4002;)
(-1051;-13670;-3958;)
(-1058;-13668;-3963;)
(-1067;-13667;-3892;)
(-1054;-13667;-3930;)
(-1062;-13666;-3992;)
(-1051;-13665;-3979;)
(-1039;-13661;-3979;)
(-1023;-13659;-3868;)
(-1012;-13659;-3849;)
(-1047;-13658;-3988;)
(-1014;-13656;-3841;)
(-1017;-13655;-3858;)
(-1042;-13654;-3984;)
(-1057;-13650;-3905;)
(-1108;-13647;-3909;)
(-994;-13646;-3917;)
(-1022;-13646;-3840;)
(-1045;-13638;-4999;)
(-1004;-13627;-3969;)
(-999;-13600;-3872;)
(-996;-13590;-3817;)
(-1040;-12890;-3556;)
(-1024;-12681;-3463;)
(-1803;-11016;-4607;)
(-1820;-11011;-4613;)
(-1800;-11007;-4602;)
(-1751;-10994;-4202;)
(-1745;-10994;-4373;)
(-1741;-10994;-4385;)
(-1762;-10992;-4369;)
(-1745;-10988;-4382;)
(-1754;-10988;-4389;)
(-1756;-10988;-4399;)
(-1748;-10987;-4213;)
(-1755;-10987;-4360;)
(-1760;-10986;-4218;)
(-1776;-10986;-4356;)
(-1774;-10986;-4370;)
(-1774;-10985;-4364;)
(-1773;-10984;-4358;)
(-1764;-10983;-4394;)
(-1728;-10982;-4387;)
(-1762;-10981;-4398;)
(-1739;-10980;-4526;)
(-1768;-10980;-4402;)
(-1751;-10980;-4378;)
(-1767;-10980;-4370;)
(-1727;-10977;-4384;)
(-1736;-10975;-4379;)
(-1770;-10974;-4344;)
(-1763;-10973;-4220;)
(-1731;-10972;-4388;)
(-1760;-10971;-4400;)
(-1765;-10971;-4391;)
(-1747;-10971;-4192;)
(-1754;-10971;-4152;)
(-1740;-10970;-4377;)
(-1754;-10970;-4186;)
(-1723;-10969;-4509;)
(-1764;-10969;-4339;)
(-1751;-10969;-4157;)
(-1799;-10968;-4274;)
(-1753;-10967;-4382;)
(-1788;-10967;-4284;)
(-1240;23397;-2954;)
(-1216;23342;-3047;)
(-1052;23322;-3036;)
(-1061;23322;-3020;)
(-1076;23322;-3019;)
(-1049;23321;-3046;)
(-1231;23315;-3045;)
(-1053;23314;-3057;)
(-1227;23307;-3041;)
(-1057;23306;-3048;)
(-1258;23283;-2950;)
(-1254;23280;-2953;)
(-1161;23274;-2963;)
(-1261;23273;-2943;)
(-1252;23268;-2954;)
(-1260;23267;-2950;)
(-1262;23265;-2959;)
(-1262;23265;-2930;)
(-1257;23262;-2955;)
(-1264;23245;-2904;)
(-963;23236;-2803;)
(-950;23219;-2787;)
(-1268;23178;-2811;)
(-897;23042;-2093;)
(-1284;22942;-2553;)
(-1273;22893;-2501;)
(-1272;22695;-2232;)
(-1274;22670;-2206;)
(-1283;22653;-2183;)
(-1297;22633;-2168;)
(-1297;22607;-2129;)
(-1284;22591;-2100;)
(-1286;22557;-2074;)
(-1293;22546;-2051;)
(-1300;22536;-2036;)
(-1346;22493;-1991;)
(-1358;22488;-1932;)
(-1341;22482;-1976;)
(-1343;22478;-1949;)
(-1354;22468;-2013;)
(-1335;22466;-2009;)
(-1353;22464;-2011;)
(-1325;22464;-2011;)
(-1392;22464;-1946;)
(-1395;22462;-1961;)
(-1257;22461;-1992;)
(-1301;22460;-1964;)
(-1374;22459;-1943;)
(-1313;22458;-1971;)
(-1311;22457;-1977;)
(-1353;22457;-1764;)
(-1316;22456;-2000;)
(-1302;22456;-1984;)
(-1252;22455;-2008;)
(-1317;22455;-1951;)
(-1308;22455;-1964;)
(-1344;22453;-1999;)
(-1352;22452;-2015;)
(-1293;22452;-2047;)
(-1295;22450;-1986;)
(-1329;22449;-1970;)
(-1288;22448;-2022;)
(-1320;22447;-1943;)
(-1306;22446;-2034;)
(-1308;22442;-1978;)
(-1313;22442;-1995;)
(-1295;22436;-1995;)
(-1339;22436;-1976;)
(-1295;22435;-1998;)
(-1308;22435;-1983;)
(-1300;22433;-1994;)
(-1322;22432;-2036;)
(-1291;22431;-1997;)
(-1318;22430;-1999;)
(-1312;22428;-1985;)
(-1328;22427;-1958;)
(-1296;22425;-1992;)
(-1315;22425;-2006;)
(-1316;22425;-2015;)
(-1322;22424;-1874;)
(-1296;22423;-1987;)
(-1291;22423;-1993;)
(-1338;22423;-1940;)
(-1324;22423;-2036;)
(-1275;22422;-1961;)
(-1290;22421;-1996;)
(-1273;22420;-1988;)
(-1326;22420;-2029;)
(-1283;22420;-1966;)
(-1277;22418;-1955;)
(-1324;22416;-1995;)
(-1320;22414;-2030;)
(-1326;22412;-1984;)
(-1273;22409;-1953;)
(-1337;22409;-1964;)
(-1278;22409;-1935;)
(-1341;22405;-1957;)
(-1279;22402;-1969;)
(-1278;22401;-1901;)
(-1269;22400;-1961;)
(-1045;-13638;-4999;)
(-1820;-11011;-4613;)
(-1803;-11016;-4607;)
(-1800;-11007;-4602;)
(-1739;-10980;-4526;)
(-1723;-10969;-4509;)
(-1731;-10950;-4468;)
(-1729;-10941;-4445;)
(-1740;-10953;-4430;)
(-1736;-10961;-4406;)
(-1768;-10980;-4402;)
(-1760;-10971;-4400;)
(-1756;-10988;-4399;)
(-1762;-10981;-4398;)
(-1759;-10962;-4397;)
(-1725;-10960;-4397;)
(-1764;-10983;-4394;)
(-1723;-10951;-4394;)
(-1734;-10953;-4394;)
(-1765;-10971;-4391;)
(-1722;-10955;-4390;)
(-1761;-10963;-4389;)
(-1754;-10988;-4389;)
(-1731;-10972;-4388;)
(-1728;-10982;-4387;)
(-1756;-10966;-4386;)
(-1741;-10994;-4385;)
(-1766;-10952;-4385;)
(-1727;-10977;-4384;)
(-1745;-10988;-4382;)
(-1753;-10967;-4382;)
(-1749;-10957;-4380;)
(-1736;-10975;-4379;)
(-1757;-10965;-4379;)
(-1751;-10980;-4378;)
(-1740;-10970;-4377;)
(-1757;-10956;-4377;)
(-1753;-10953;-4376;)
(-1749;-10964;-4374;)
(-1745;-10994;-4373;)
(-1772;-10955;-4373;)
(-1777;-10961;-4373;)
(-1774;-10986;-4370;)
(-1767;-10980;-4370;)
(-1762;-10992;-4369;)
(-1764;-10951;-4365;)
(-1774;-10985;-4364;)
(-1755;-10987;-4360;)
(-1772;-10957;-4360;)
(-1773;-10984;-4358;)
(-1776;-10986;-4356;)
(-1772;-10953;-4353;)
(-1755;-10940;-4353;)
(-1760;-10942;-4352;)
(-1772;-10956;-4345;)
(-1770;-10974;-4344;)
(-1764;-10969;-4339;)
(-1761;-10927;-4336;)
(-1776;-10955;-4335;)
(-1766;-10926;-4333;)
(-1756;-10940;-4332;)
(-1771;-10966;-4328;)
(-1784;-10962;-4328;)
(-1783;-10965;-4325;)
(-1793;-10965;-4317;)
(-1794;-10965;-4285;)
(-1788;-10967;-4284;)
(-1796;-10964;-4283;)
(-1743;-10929;-4277;)
(-1799;-10968;-4274;)
(-1771;-10935;-4271;)
(-1758;-10965;-4270;)
(-1778;-10954;-4268;)
(-852;-10789;-4262;)
(-1764;-10936;-4261;)
(-1764;-10915;-4261;)
(-1745;-10960;-4258;)
(-1763;-10913;-4257;)
(-1755;-10951;-4256;)
(-1756;-10949;-4254;)
(-1759;-10941;-4254;)
(-1754;-10940;-4252;)
(-1771;-10958;-4251;)
(-1771;-10949;-4250;)
(-1768;-10964;-4244;)
(-1744;-10947;-4243;)
(-1747;-10951;-4242;)
(-1748;-10948;-4230;)
(-1763;-10973;-4220;)
(-1760;-10986;-4218;)
(-1748;-10987;-4213;)
(-1745;-10965;-4208;)
(-1742;-10961;-4205;)
(-1751;-10994;-4202;)
(-1747;-10971;-4192;)
(-1756;-10960;-4190;)
(-1745;-10957;-4188;)
(-1754;-10970;-4186;)
(-1756;-10966;-4184;)
(-1751;-10969;-4157;)
(-3660;4786;23290;)
(-3665;4788;23278;)
(-3674;4780;23269;)
(-3664;4776;23267;)
(-3684;4785;23266;)
(-3695;4784;23263;)
(-3649;4769;23262;)
(-3693;4782;23259;)
(-3665;4788;23259;)
(-3656;4770;23258;)
(-3662;4778;23257;)
(-3663;4783;23256;)
(-3661;4773;23255;)
(-3662;4785;23254;)
(-3648;4774;23254;)
(-3643;4767;23253;)
(-3666;4776;23253;)
(-3646;4786;23252;)
(-3663;4780;23251;)
(-3646;4780;23251;)
(-3663;4782;23250;)
(-3681;4785;23250;)
(-3675;4784;23248;)
(-3684;4787;23248;)
(-3645;4784;23248;)
(-3672;4792;23247;)
(-3655;4765;23246;)
(-3653;4775;23246;)
(-3652;4781;23244;)
(-3641;4760;23243;)
(-3642;4771;23242;)
(-3652;4776;23242;)
(-3635;4797;23240;)
(-3654;4770;23240;)
(-3635;4770;23239;)
(-3639;4754;23238;)
(-3652;4772;23238;)
(-3651;4780;23238;)
(-3654;4762;23238;)
(-3636;4773;23238;)
(-3640;4758;23237;)
(-3641;4756;23237;)
(-3645;4765;23235;)
(-3652;4762;23235;)
(-3642;4804;23233;)
(-3630;4797;23233;)
(-3633;4786;23233;)
(-3634;4781;23233;)
(-3653;4773;23233;)
(-3645;4756;23232;)
(-3652;4783;23232;)
(-3658;4785;23232;)
(-3638;4765;23232;)
(-3639;4781;23231;)
(-3685;4784;23231;)
(-3646;4778;23231;)
(-3658;4752;23230;)
(-3652;4790;23229;)
(-3660;4791;23228;)
(-3647;4759;23227;)
(-3638;4784;23226;)
(-3637;4776;23225;)
(-3654;4773;23225;)
(-3637;4776;23225;)
(-3639;4762;23225;)
(-3643;4781;23224;)
(-3646;4796;23224;)
(-3657;4792;23223;)
(-3656;4786;23223;)
(-3645;4768;23223;)
(-3665;4776;23223;)
(-3666;4798;23222;)
(-3652;4753;23221;)
(-3660;4789;23221;)
(-3655;4783;23220;)
(-3645;4762;23220;)
(-3645;4762;23220;)
(-3638;4772;23219;)
(-3633;4762;23219;)
(-3652;4758;23218;)
(-3638;4758;23218;)
(-3639;4758;23218;)
(-3663;4779;23218;)
(-3654;4758;23217;)
(-3637;4760;23217;)
(-3646;4760;23216;)
(-3645;4760;23215;)
(-3636;4763;23215;)
(-3651;4764;23215;)
(-3652;4753;23215;)
(-3663;4756;23213;)
(-3653;4788;23213;)
(-3627;4766;23213;)
(-3661;4781;23213;)
(-3654;4762;23212;)
(-3665;4751;23210;)
(-3655;4754;23208;)
(-3671;4757;23207;)
(-3674;4760;23205;)
(-3652;4789;23202;)
(-3670;4755;23202;)
(-20797;4878;6386;)
(-20793;4914;6510;)
(-20793;4914;6489;)
(-20791;4907;6342;)
(-20789;4961;6520;)
(-20789;4914;6542;)
(-20788;4943;6519;)
(-20788;4931;6494;)
(-20787;4919;6323;)
(-20787;4931;6511;)
(-20787;4931;6518;)
(-20785;4910;6505;)
(-20784;4964;6520;)
(-20784;4903;6534;)
(-20782;4905;6344;)
(-20782;4909;6489;)
(-20782;4916;6487;)
(-20782;4918;6478;)
(-20782;4938;6455;)
(-20781;4922;6505;)
(-20781;4906;6551;)
(-20781;4877;6514;)
(-20780;4919;6490;)
(-20780;4917;6472;)
(-20780;4935;6532;)
(-20779;4918;6329;)
(-20779;4889;6422;)
(-20779;4967;6534;)
(-20779;4932;6554;)
(-20779;4899;6534;)
(-20779;4883;6520;)
(-20779;4886;6520;)
(-20778;4899;6328;)
(-20778;4927;6524;)
(-20778;4921;6484;)
(-20777;4909;6538;)
(-20777;4921;6512;)
(-20777;4911;6478;)
(-20777;4913;6476;)
(-20776;4936;6295;)
(-20776;4926;6325;)
(-20776;4898;6328;)
(-20776;4901;6502;)
(-20776;4920;6530;)
(-20776;4881;6533;)
(-20776;4928;6538;)
(-20775;4887;6370;)
(-20775;4903;6327;)
(-20775;4922;6409;)
(-20775;4900;6481;)
(-20775;4914;6539;)
(-20775;4887;6527;)
(-20775;4934;6547;)
(-20773;4917;6338;)
(-20773;4923;6284;)
(-20773;4902;6342;)
(-20773;4896;6335;)
(-20773;4910;6548;)
(-20773;4932;6552;)
(-20773;4905;6531;)
(-20773;4908;6490;)
(-20773;4921;6481;)
(-20773;4939;6454;)
(-20772;4896;6446;)
(-20771;4901;6337;)
(-20771;4943;6293;)
(-20771;4904;6487;)
(-20771;4917;6516;)
(-20771;4891;6521;)
(-20771;4916;6480;)
(-20770;4923;6338;)
(-20770;4917;6321;)
(-20770;4916;6516;)
(-20770;4906;6512;)
(-20770;4891;6471;)
(-20770;4918;6482;)
(-20770;4884;6564;)
(-20770;4882;6522;)
(-20770;4900;6515;)
(-20770;4910;6517;)
(-20769;4893;6335;)
(-20769;4885;6411;)
(-20769;4890;6554;)
(-20769;4903;6548;)
(-20769;4925;6549;)
(-20769;4920;6493;)
(-20769;4892;6444;)
(-20769;4872;6527;)
(-20768;4943;6310;)
(-20768;4945;6295;)
(-20768;4942;6297;)
(-20768;4880;6414;)
(-20768;4916;6508;)
(-20768;4963;6533;)
(-20768;4915;6482;)
(-20767;4917;6338;)
(-20767;4915;6338;)
(-20767;4937;6358;)
(-20767;4927;6518;)
(-20767;4910;6484;)
(-20767;4876;6541;)
(12642;5364;7207;)
(12639;5362;7205;)
(12636;5360;7203;)
(12633;5330;7007;)
(12632;5358;7235;)
(12628;5347;7237;)
(12626;5333;7206;)
(12619;5367;7356;)
(12615;5383;7326;)
(12614;5389;7323;)
(12614;5373;7379;)
(12613;5381;7326;)
(12613;5373;7377;)
(12611;5390;7287;)
(12611;5360;7610;)
(12608;5375;7346;)
(12608;5393;7347;)
(12606;5394;7342;)
(12605;5386;7288;)
(12604;5395;7294;)
(12604;5397;7351;)
(12602;5375;7334;)
(12601;5368;7309;)
(12601;5382;7351;)
(12601;5388;7345;)
(12600;5383;7357;)
(12600;5398;7338;)
(12600;5378;7355;)
(12599;5398;7295;)
(12599;5393;7347;)
(12598;5402;7345;)
(12598;5402;7304;)
(12597;5391;7281;)
(12597;5398;7307;)
(12596;5375;7318;)
(12596;5394;7330;)
(12596;5411;7318;)
(12595;5400;7314;)
(12595;5393;7391;)
(12594;5398;7266;)
(12594;5375;7337;)
(12593;5382;7296;)
(12593;5375;7320;)
(12593;5396;7301;)
(12593;5379;7367;)
(12593;5406;7291;)
(12592;5391;7364;)
(12592;5373;7354;)
(12591;5373;6910;)
(12591;5412;6932;)
(12591;5382;7315;)
(12590;5398;7140;)
(12590;5396;7258;)
(12590;5407;7372;)
(12590;5372;7375;)
(12590;5416;7293;)
(12590;5413;6576;)
(12589;5399;7254;)
(12589;5402;7262;)
(12589;5400;7258;)
(12589;5362;7314;)
(12588;5393;7137;)
(12588;5396;7333;)
(12588;5378;7368;)
(12588;5413;7293;)
(12588;5393;7379;)
(12586;5374;6885;)
(12586;5381;7134;)
(12586;5401;7262;)
(12586;5410;7322;)
(12586;5403;7285;)
(12586;5391;7523;)
(12585;5378;6988;)
(12585;5406;7265;)
(12585;5370;7306;)
(12585;5406;7306;)
(12584;5382;7151;)
(12584;5368;7309;)
(12584;5406;7325;)
(12584;5390;7367;)
(12584;5404;7384;)
(12583;5349;7447;)
(12582;5374;6868;)
(12582;5416;6927;)
(12582;5393;7293;)
(12582;5389;7513;)
(12581;5382;7156;)
(12580;5365;6875;)
(12580;5384;7244;)
(12580;5381;7307;)
(12580;5395;7373;)
(12579;5413;6914;)
(12579;5395;6936;)
(12579;5351;7464;)
(12579;5377;7352;)
(12579;5388;7374;)
(12578;5363;6948;)
(12578;5385;6800;)
(12578;5367;6891;)
(12578;5397;7169;)
(-3780;-11299;7148;)
(-3767;-11289;7182;)
(-3822;-11287;6424;)
(-3823;-11285;6754;)
(-3779;-11284;6710;)
(-3786;-11283;6812;)
(-3772;-11283;6760;)
(-3789;-11283;6715;)
(-3785;-11282;6692;)
(-3785;-11281;6809;)
(-3821;-11281;6751;)
(-3766;-11281;6762;)
(-3788;-11281;6709;)
(-3815;-11280;6767;)
(-3788;-11279;6765;)
(-3778;-11279;6845;)
(-3792;-11279;6729;)
(-3787;-11279;6716;)
(-3787;-11278;6767;)
(-3779;-11278;6730;)
(-3784;-11278;6721;)
(-3778;-11276;6773;)
(-3825;-11276;6756;)
(-3790;-11276;6761;)
(-3808;-11275;6440;)
(-3799;-11275;6767;)
(-3799;-11275;6723;)
(-3820;-11275;6758;)
(-3795;-11275;6757;)
(-3764;-11275;6757;)
(-3682;-11275;6864;)
(-3783;-11275;6741;)
(-3768;-11275;6743;)
(-3767;-11274;6481;)
(-3797;-11274;6756;)
(-3800;-11274;6766;)
(-3765;-11274;6754;)
(-3798;-11274;6711;)
(-3789;-11274;6745;)
(-3769;-11274;6753;)
(-3793;-11273;6409;)
(-3766;-11273;6690;)
(-3769;-11273;6785;)
(-3784;-11273;6768;)
(-3760;-11273;6777;)
(-3766;-11273;6750;)
(-3794;-11273;6724;)
(-3794;-11272;6600;)
(-3788;-11272;6673;)
(-3770;-11272;6785;)
(-3789;-11272;6764;)
(-3771;-11272;6769;)
(-3768;-11272;6784;)
(-3780;-11271;6690;)
(-3770;-11271;6778;)
(-3794;-11271;6772;)
(-3785;-11271;6766;)
(-3771;-11271;6764;)
(-3749;-11271;6757;)
(-3799;-11271;6995;)
(-3775;-11270;6689;)
(-3769;-11270;6686;)
(-3792;-11270;6687;)
(-3764;-11270;6760;)
(-3818;-11270;6757;)
(-3767;-11270;6738;)
(-3776;-11267;6778;)
(-3771;-11267;6709;)
(-3796;-11267;6725;)
(-3782;-11267;6756;)
(-3791;-11267;6766;)
(-3796;-11267;6768;)
(-3794;-11267;6763;)
(-3792;-11266;6419;)
(-3785;-11266;6476;)
(-3784;-11266;6462;)
(-3790;-11266;6462;)
(-3783;-11266;6552;)
(-3782;-11266;6549;)
(-3794;-11266;6571;)
(-3798;-11266;6580;)
(-3796;-11266;6594;)
(-3768;-11266;6695;)
(-3775;-11266;6698;)
(-3782;-11266;6674;)
(-3779;-11266;6717;)
(-3775;-11266;6765;)
(-3782;-11266;6767;)
(-3795;-11265;6450;)
(-3802;-11265;6770;)
(-3793;-11265;6771;)
(-3775;-11265;6778;)
(-3772;-11264;6748;)
(-3816;-11264;6743;)
(-3784;-11263;6683;)
(-3774;-11263;6744;)
(-3768;-11263;6755;)
(-3762;-11263;6758;)
(-3809;-11262;6787;)
(-3769;-11262;6682;)
(-3763;-11262;6692;)
(-4101;21735;7359;)
(-4146;21715;7471;)
(-4081;21713;7390;)
(-4145;21710;7484;)
(-4109;21709;7359;)
(-4108;21708;7359;)
(-4109;21707;7543;)
(-4095;21706;7557;)
(-4147;21705;7451;)
(-4129;21704;7449;)
(-4096;21703;7358;)
(-4124;21700;7320;)
(-4107;21700;7352;)
(-4104;21700;7366;)
(-4136;21700;7450;)
(-4129;21700;7443;)
(-4088;21698;7575;)
(-4145;21698;7490;)
(-4089;21697;7365;)
(-4140;21697;7490;)
(-4136;21697;7483;)
(-4094;21696;7302;)
(-4079;21696;7440;)
(-4134;21694;7316;)
(-4110;21694;7535;)
(-4122;21694;7475;)
(-4148;21694;7460;)
(-4128;21694;7439;)
(-4118;21694;7431;)
(-4121;21693;7324;)
(-4105;21693;7359;)
(-4138;21693;7447;)
(-4133;21692;7281;)
(-4129;21692;7276;)
(-4125;21691;7446;)
(-4118;21688;7479;)
(-4112;21687;7533;)
(-4114;21687;7492;)
(-4124;21687;7481;)
(-4138;21686;7297;)
(-4116;21686;7507;)
(-4102;21686;7468;)
(-4113;21686;7519;)
(-4089;21685;7579;)
(-4110;21685;7466;)
(-4071;21685;7423;)
(-4144;21684;7265;)
(-4075;21684;7437;)
(-4108;21683;7475;)
(-4100;21683;7473;)
(-4088;21683;7433;)
(-4087;21683;7438;)
(-4113;21682;7396;)
(-4110;21682;7473;)
(-4101;21682;7478;)
(-4120;21682;7468;)
(-4104;21681;7112;)
(-4113;21681;7470;)
(-4087;21681;7426;)
(-4106;21681;7429;)
(-4105;21680;7127;)
(-4102;21680;7463;)
(-4094;21680;7477;)
(-4116;21679;7365;)
(-4113;21679;7473;)
(-4107;21679;7437;)
(-4121;21678;7129;)
(-4107;21678;7482;)
(-4116;21678;7474;)
(-4093;21678;7468;)
(-4108;21678;7438;)
(-4111;21677;7380;)
(-4111;21677;7509;)
(-4094;21677;7486;)
(-4104;21677;7463;)
(-4121;21677;7519;)
(-4144;21677;7491;)
(-4116;21676;7111;)
(-4115;21676;7507;)
(-4111;21676;7465;)
(-4105;21676;7495;)
(-4113;21675;7511;)
(-4092;21674;7651;)
(-4114;21674;7364;)
(-4110;21674;7476;)
(-4095;21674;7489;)
(-4114;21674;7488;)
(-4125;21674;7493;)
(-4117;21674;7522;)
(-4142;21674;7498;)
(-4122;21673;7487;)
(-4092;21672;7655;)
(-4095;21672;7490;)
(-4102;21672;7461;)
(-4121;21672;7527;)
(-4116;21672;7490;)
(-4147;21672;7492;)
(-4113;21671;7158;)
(-4107;21671;7531;)
(-4125;21671;7472;)
(-4161;5849;-9090;)
(-4734;6095;-8828;)
(-4728;6087;-8828;)
(-4741;6097;-8813;)
(-5294;7122;-8811;)
(-5283;7113;-8775;)
(-3992;6022;-8761;)
(-3940;5699;-8760;)
(-3936;5692;-8736;)
(-4059;6160;-8680;)
(-3765;6145;-8671;)
(-3777;6160;-8663;)
(-3771;6152;-8661;)
(-3948;6157;-8655;)
(-3600;6400;-8654;)
(-3841;6690;-8638;)
(-3893;6344;-8637;)
(-3892;6302;-8608;)
(-4094;6654;-8602;)
(-4094;6632;-8598;)
(-3899;6436;-8592;)
(-4100;6673;-8586;)
(-3841;6680;-8581;)
(-4100;6658;-8560;)
(-4026;6099;-8552;)
(-3817;6091;-8521;)
(-3832;6090;-8507;)
(-3830;6007;-8487;)
(-3806;5982;-8470;)
(-3899;5907;-8420;)
(-4696;6069;-8361;)
(-3880;5582;-8341;)
(-3770;6427;-8276;)
(-4086;5767;-8131;)
(12407;5410;5121;)
(-3554;-11096;5613;)
(-3558;-11085;5668;)
(12459;5404;5742;)
(12457;5400;5804;)
(12461;5403;5859;)
(12467;5398;5913;)
(12479;5394;5966;)
(12465;5396;5996;)
(-20719;4910;6076;)
(-20714;4905;6076;)
(-20720;4933;6087;)
(-20715;4933;6092;)
(-20725;4934;6095;)
(12458;5371;6105;)
(12467;5378;6170;)
(12472;5386;6180;)
(-20773;4923;6284;)
(-20765;4954;6290;)
(-20771;4943;6293;)
(-20776;4936;6295;)
(-20768;4945;6295;)
(-20768;4942;6297;)
(-20754;4957;6300;)
(-20756;4953;6303;)
(-20766;4935;6306;)
(-20765;4942;6306;)
(-20763;4928;6309;)
(-20768;4943;6310;)
(-20758;4931;6314;)
(-20766;4929;6317;)
(-20766;4922;6319;)
(-20765;4907;6319;)
(-20763;4923;6320;)
(-20770;4917;6321;)
(-20762;4937;6322;)
(-20761;4904;6323;)
(-20787;4919;6323;)
(-20763;4921;6324;)
(-20758;4911;6325;)
(-20776;4926;6325;)
(-20775;4903;6327;)
(-20778;4899;6328;)
(-20776;4898;6328;)
(-20779;4918;6329;)
(-20753;4897;6329;)
(-20761;4902;6331;)
(-20757;4923;6332;)
(-20751;4905;6332;)
(-20758;4952;6335;)
(-20773;4896;6335;)
(-20769;4893;6335;)
(-20752;4915;6336;)
(-20750;4916;6336;)
(-20764;4900;6336;)
(-20761;4909;6336;)
(-20771;4901;6337;)
(-20759;4907;6337;)
(-20767;4917;6338;)
(-20767;4915;6338;)
(-20770;4923;6338;)
(-20773;4917;6338;)
(-20750;4928;6338;)
(-3789;-11208;6338;)
(-20756;4914;6339;)
(-20759;4939;6340;)
(-3687;5135;23436;)
(-3702;5120;23396;)
(-3670;5108;23395;)
(-3634;5098;23370;)
(-3619;5152;23340;)
(-3697;5120;23335;)
(-3636;5171;23333;)
(-3644;5161;23332;)
(-3646;5164;23324;)
(-3617;5148;23318;)
(-4222;5456;23317;)
(-3667;5162;23317;)
(-3702;5130;23314;)
(-3637;5144;23314;)
(-3694;5152;23310;)
(-3651;5170;23309;)
(-3670;5123;23309;)
(-3635;5176;23308;)
(-3714;5151;23307;)
(-3661;5178;23306;)
(-3638;5154;23306;)
(-3692;5191;23305;)
(-3659;5120;23304;)
(-3708;5152;23302;)
(-3624;5132;23302;)
(-3643;5147;23302;)
(-3630;5139;23301;)
(-3697;5129;23300;)
(-3652;5162;23300;)
(-3657;5157;23300;)
(-3683;5135;23299;)
(-3662;5152;23298;)
(-3654;5094;23298;)
(-3666;5158;23297;)
(-3654;5121;23296;)
(-3628;5141;23296;)
(-3636;5148;23296;)
(-3642;5150;23296;)
(-3678;5156;23295;)
(-3693;5174;23295;)
(-3644;5169;23294;)
(-3623;5126;23293;)
(-3652;5153;23293;)
(-3637;5164;23293;)
(-3624;5139;23292;)
(-3647;5172;23292;)
(-3641;5144;23291;)
(-3626;5131;23289;)
(-3649;5161;23289;)
(-3614;5151;23288;)
(-3652;5168;23288;)
(-3645;5166;23287;)
(-3651;5160;23287;)
(-3639;5156;23286;)
(-3636;5169;23285;)
(-3657;5143;23285;)
(-3670;5126;23284;)
(-3686;5130;23284;)
(-3631;5124;23284;)
(-3708;5142;23283;)
(-3654;5127;23283;)
(-3661;5172;23283;)
(-3668;5159;23282;)
(-3662;5152;23282;)
(-3708;5149;23282;)
(-3684;5110;23282;)
(-3707;5130;23282;)
(-3663;5182;23282;)
(-3647;5183;23281;)
(-3663;5120;23281;)
(-3649;5143;23281;)
(-3680;5160;23280;)
(-3618;5118;23280;)
(-3616;5165;23280;)
(-3688;5154;23280;)
(-3680;5140;23280;)
(-3609;5156;23280;)
(-3663;5215;23280;)
(-3646;5193;23280;)
(-3696;5130;23279;)
(-3670;5150;23279;)
(-3661;5116;23279;)
(-3646;5142;23279;)
(-3664;5161;23278;)
(-3702;5133;23278;)
(-3640;5116;23278;)
(-3624;5166;23278;)
(-3644;5151;23278;)
(-3687;5138;23277;)
(-3672;5161;23277;)
(-3648;5116;23277;)
(-3667;5168;23277;)
(-3668;5162;23276;)
(-3657;5133;23276;)
(-3652;5163;23276;)
(-3651;5145;23276;)
(-3655;5116;23275;)
(-3666;5142;23275;)
(-3654;5163;23275;)
(-3657;5167;23275;)
(-3648;5128;23275;)
(-20852;4922;7620;)
(-20847;5014;4961;)
(-20846;4916;7620;)
(-20845;4930;7556;)
(-20841;4917;7582;)
(-20839;4915;7498;)
(-20838;4911;7596;)
(-20836;4928;7635;)
(-20835;4911;7626;)
(-20834;4905;7588;)
(-20834;4913;7592;)
(-20834;4946;7594;)
(-20834;4917;7549;)
(-20833;4911;7579;)
(-20832;4938;7622;)
(-20832;4912;7618;)
(-20832;4919;7539;)
(-20832;4927;7578;)
(-20831;4941;7582;)
(-20831;4903;7564;)
(-20831;4907;7591;)
(-20829;4943;7628;)
(-20829;4909;7575;)
(-20829;4920;7560;)
(-20828;4902;7538;)
(-20828;4909;7587;)
(-20826;4935;7633;)
(-20826;4935;7611;)
(-20826;4901;7586;)
(-20825;4911;7552;)
(-20825;4877;7584;)
(-20824;4882;7538;)
(-20824;4904;7589;)
(-20823;4904;7508;)
(-20823;4900;7552;)
(-20823;4882;7574;)
(-20823;4927;7588;)
(-20823;4878;7588;)
(-20822;4921;7584;)
(-20822;4943;7618;)
(-20822;4902;7590;)
(-20822;4898;7583;)
(-20821;4908;7526;)
(-20821;4893;7533;)
(-20821;4938;7522;)
(-20821;4910;7595;)
(-20821;4919;7593;)
(-20820;4927;7450;)
(-20820;4925;7556;)
(-20820;4908;7542;)
(-20820;4893;7565;)
(-20820;4884;7603;)
(-20820;4885;7601;)
(-20819;4910;7542;)
(-20819;4922;7583;)
(-20819;4898;7587;)
(-20819;4905;7597;)
(-20819;4889;7577;)
(-20818;5080;7617;)
(-20818;4895;7521;)
(-20818;4919;7556;)
(-20818;4903;7531;)
(-20818;4914;7578;)
(-20818;4928;7595;)
(-20818;4947;7561;)
(-20818;4888;7598;)
(-20818;4908;7616;)
(-20818;4905;7549;)
(-20818;4879;7585;)
(-20818;4877;7615;)
(-20817;4861;7588;)
(-20817;4891;7545;)
(-20817;4944;7577;)
(-20817;4928;7571;)
(-20817;4907;7590;)
(-20817;4908;7565;)
(-20817;4919;7559;)
(-20817;4899;7595;)
(-20816;5039;7587;)
(-20816;4900;7597;)
(-20816;4899;7594;)
(-20816;4901;7571;)
(-20816;4908;7585;)
(-20816;4936;7601;)
(-20816;4910;7622;)
(-20816;4874;7576;)
(-20816;4899;7595;)
(-20816;4882;7615;)
(-20815;4896;7548;)
(-20815;4947;7540;)
(-20815;4889;7990;)
(-20815;4937;7558;)
(-20815;4917;7558;)
(-20815;4905;7615;)
(-20815;4910;7563;)
(-20815;4880;7592;)
(-20814;4904;7558;)
(-20814;4903;7565;)
(-20814;4862;7581;)
(-20814;4905;7553;)
(-20814;4916;7594;)
(12633;5238;7587;)
(12627;5290;7527;)
(12625;5292;7504;)
(12622;5281;7531;)
(12622;5290;7489;)
(12617;5288;7489;)
(12611;5276;7537;)
(12604;5299;7460;)
(12599;5315;7391;)
(12598;5324;7495;)
(12596;5314;7472;)
(12596;5345;7221;)
(12591;5327;7482;)
(12591;5317;7460;)
(12591;5274;7376;)
(12590;5342;7228;)
(12590;5301;7430;)
(12589;5334;7505;)
(12589;5338;7466;)
(12589;5350;7499;)
(12588;5324;7381;)
(12587;5333;7494;)
(12587;5349;7241;)
(12586;5322;7491;)
(12586;5319;7423;)
(12586;5331;7429;)
(12586;5353;7403;)
(12586;5298;7382;)
(12584;5357;7422;)
(12583;5338;7456;)
(12583;5341;7370;)
(12581;5350;7522;)
(12581;5322;7514;)
(12580;5329;7507;)
(12580;5323;7494;)
(12580;5334;7473;)
(12580;5319;7412;)
(12580;5332;7377;)
(12580;5313;7439;)
(12579;5331;7376;)
(12578;5323;7510;)
(12578;5323;7491;)
(12578;5354;7424;)
(12578;5306;7336;)
(12577;5282;7432;)
(12577;5329;7460;)
(12577;5334;7479;)
(12577;5342;7386;)
(12576;5310;7481;)
(12576;5335;7365;)
(12576;5299;7396;)
(12576;5321;7433;)
(12576;5313;7431;)
(12575;5324;7491;)
(12575;5361;7412;)
(12575;5291;7378;)
(12575;5300;7399;)
(12574;5390;7579;)
(12574;5381;7497;)
(12574;5313;7413;)
(12574;5335;7452;)
(12574;5323;7430;)
(12574;5362;7436;)
(12574;5352;7396;)
(12573;5363;7508;)
(12573;5331;7426;)
(12573;5351;7358;)
(12573;5313;7470;)
(12572;5360;7439;)
(12572;5377;7584;)
(12572;5350;7485;)
(12572;5305;7418;)
(12572;5320;7385;)
(12572;5307;7393;)
(12571;5398;7561;)
(12571;5391;7521;)
(12571;5311;7410;)
(12571;5327;7385;)
(12571;5333;7470;)
(12570;5355;7512;)
(12570;5335;7487;)
(12570;5327;7418;)
(12569;5370;7528;)
(12569;5377;7574;)
(12569;5332;7376;)
(12569;5325;7445;)
(12568;5298;7424;)
(12568;5321;7395;)
(12568;5333;7416;)
(12568;5324;7347;)
(12567;5370;7521;)
(12567;5369;7522;)
(12567;5375;7495;)
(12567;5339;7480;)
(12567;5312;7439;)
(12567;5333;7450;)
(12567;5345;7372;)
(12566;5362;7566;)
(12566;5358;7496;)
(12566;5343;7413;)
(12566;5322;7379;)
(-3777;-11374;7752;)
(-3777;-11369;7783;)
(-4354;-11342;6904;)
(-3845;-11339;7428;)
(-3838;-11326;7442;)
(-4181;-11321;6965;)
(-3288;-11312;7273;)
(-3824;-11312;7487;)
(-3291;-11310;7292;)
(-3260;-11309;7390;)
(-3382;-11306;7306;)
(-3310;-11304;7236;)
(-3254;-11304;7380;)
(-3319;-11303;7388;)
(-3309;-11298;7261;)
(-3247;-11296;7362;)
(-3262;-11296;7362;)
(-3300;-11295;7250;)
(-3298;-11295;7277;)
(-3279;-11295;7359;)
(-3255;-11293;7362;)
(-3321;-11291;7320;)
(-3284;-11291;7359;)
(-3309;-11289;7311;)
(-3282;-11289;7359;)
(-3316;-11288;7298;)
(-3299;-11288;7315;)
(-3310;-11287;7290;)
(-3262;-11287;7373;)
(-3302;-11287;7336;)
(-3255;-11287;7372;)
(-3273;-11287;7382;)
(-3261;-11287;7391;)
(-3292;-11286;7335;)
(-3291;-11286;7327;)
(-3314;-11285;7292;)
(-3269;-11285;7359;)
(-3311;-11285;7332;)
(-3308;-11285;7313;)
(-3262;-11285;7371;)
(-3272;-11285;7392;)
(-3239;-11285;7409;)
(-3312;-11284;7285;)
(-3329;-11284;7320;)
(-3281;-11284;7366;)
(-3325;-11283;7305;)
(-3281;-11283;7359;)
(-3300;-11283;7333;)
(-3297;-11283;7312;)
(-3268;-11283;7374;)
(-3269;-11283;7370;)
(-3302;-11282;7318;)
(-3322;-11282;7304;)
(-3277;-11282;7307;)
(-3273;-11282;7372;)
(-3237;-11282;7432;)
(-3279;-11281;7359;)
(-3285;-11281;7349;)
(-3300;-11280;7309;)
(-3292;-11280;7322;)
(-3280;-11280;7366;)
(-3275;-11280;7357;)
(-3285;-11280;7302;)
(-3273;-11280;7388;)
(-3261;-11279;7381;)
(-3290;-11278;7241;)
(-3296;-11278;7309;)
(-3289;-11278;7337;)
(-3312;-11278;7306;)
(-3286;-11278;7347;)
(-3259;-11278;7386;)
(-3329;-11277;7306;)
(-3318;-11277;7262;)
(-3276;-11277;7339;)
(-3245;-11277;7364;)
(-3288;-11277;7330;)
(-3270;-11277;7358;)
(-3281;-11277;7359;)
(-3261;-11277;7392;)
(-3301;-11276;7298;)
(-3303;-11276;7310;)
(-3314;-11276;7374;)
(-3266;-11276;7366;)
(-3247;-11276;7363;)
(-3287;-11276;7357;)
(-3269;-11275;7432;)
(-3304;-11275;7311;)
(-3325;-11275;7262;)
(-3287;-11275;7310;)
(-3272;-11275;7372;)
(-3292;-11275;7357;)
(-3275;-11275;7341;)
(-3269;-11275;7352;)
(-3287;-11275;7342;)
(-3402;-11274;7732;)
(-3269;-11274;7312;)
(-3250;-11274;7348;)
(-3288;-11274;7375;)
(-3283;-11274;7364;)
(-3274;-11274;7336;)
(-3288;-11274;7333;)
(-4469;21733;7771;)
(-4259;21687;7673;)
(-4155;21682;7701;)
(-4313;21682;7543;)
(-4149;21680;7720;)
(-4337;21680;7632;)
(-4255;21680;7678;)
(-4249;21679;7679;)
(-4258;21679;7685;)
(-4307;21678;7570;)
(-4266;21677;7708;)
(-4294;21677;7610;)
(-4262;21677;7665;)
(-4304;21677;7551;)
(-4169;21675;7716;)
(-4167;21674;7739;)
(-4268;21674;7629;)
(-4309;21674;7521;)
(-4215;21673;7701;)
(-4269;21673;7764;)
(-4281;21673;7573;)
(-4314;21673;7603;)
(-4300;21673;7562;)
(-4238;21672;7647;)
(-4323;21672;7693;)
(-4252;21672;7616;)
(-4214;21671;7675;)
(-4162;21671;7731;)
(-4267;21671;7766;)
(-4341;21671;7624;)
(-4325;21671;7616;)
(-4192;21670;7817;)
(-4193;21670;7791;)
(-4255;21670;7585;)
(-4264;21670;7627;)
(-4326;21670;7653;)
(-4322;21670;7595;)
(-4250;21669;7705;)
(-4287;21669;7624;)
(-4308;21669;7711;)
(-4305;21669;7628;)
(-4310;21669;7586;)
(-4302;21668;7662;)
(-4275;21668;7680;)
(-4306;21668;7550;)
(-4278;21667;7906;)
(-4257;21667;7758;)
(-4293;21667;7689;)
(-4258;21667;7603;)
(-4323;21667;7658;)
(-4261;21666;7754;)
(-4245;21666;7713;)
(-4287;21666;7610;)
(-4296;21666;7715;)
(-4296;21666;7684;)
(-4280;21666;7664;)
(-4307;21666;7636;)
(-4272;21666;7581;)
(-4322;21666;7650;)
(-4304;21666;7560;)
(-4312;21666;7597;)
(-4279;21666;7525;)
(-4341;21665;7511;)
(-4282;21665;7637;)
(-4303;21665;7674;)
(-4300;21665;7651;)
(-4276;21665;7674;)
(-4294;21665;7697;)
(-4269;21665;7575;)
(-4252;21665;7528;)
(-4287;21665;7592;)
(-4298;21665;7509;)
(-4214;21664;7721;)
(-4175;21664;7725;)
(-4261;21664;7759;)
(-4294;21664;7676;)
(-4327;21664;7662;)
(-4315;21664;7582;)
(-4318;21664;7539;)
(-4362;21663;7670;)
(-4265;21663;7762;)
(-4229;21663;7721;)
(-4243;21663;7736;)
(-4276;21663;7675;)
(-4283;21663;7656;)
(-4302;21663;7650;)
(-4281;21663;7650;)
(-4308;21663;7659;)
(-4288;21663;7618;)
(-4251;21663;7604;)
(-4281;21663;7569;)
(-4271;21663;7511;)
(-4305;21663;7592;)
(-4298;21663;7671;)
(-4301;21663;7571;)
(-4299;21663;7561;)
(-4292;21663;7600;)
(-4237;21662;7650;)
(-4313;21662;7691;)
(-4296;21662;7690;)
(-4263;21662;7641;)
(-4539;5122;-8892;)
(-4520;5141;-8861;)
(-3968;5515;-8850;)
(-4250;5481;-8847;)
(-4563;5070;-8845;)
(-4503;5145;-8838;)
(-4559;5093;-8832;)
(-4826;4918;-8828;)
(-4855;4964;-8824;)
(-4487;5153;-8815;)
(-4532;5156;-8813;)
(-4451;5281;-8808;)
(-4773;4927;-8808;)
(-4284;5457;-8807;)
(-4488;5149;-8806;)
(-4678;5017;-8805;)
(-4562;5115;-8805;)
(-4487;5162;-8804;)
(-4540;5178;-8802;)
(-4686;5013;-8802;)
(-4602;5115;-8801;)
(-4492;5164;-8800;)
(-4517;5160;-8797;)
(-4769;4940;-8794;)
(-4684;5025;-8793;)
(-4687;5015;-8792;)
(-4729;5014;-8792;)
(-4388;5290;-8791;)
(-4779;4939;-8791;)
(-4616;5091;-8789;)
(-4693;5029;-8789;)
(-4653;5038;-8785;)
(-4650;5031;-8783;)
(-4580;5121;-8783;)
(-4766;4942;-8783;)
(-4678;5057;-8782;)
(-4609;5094;-8780;)
(-4682;5025;-8780;)
(-4644;5050;-8780;)
(-4791;4959;-8780;)
(-4386;5323;-8779;)
(-4596;5109;-8779;)
(-4661;5039;-8777;)
(-4669;5039;-8776;)
(-4669;5048;-8775;)
(-4607;5086;-8775;)
(-4632;5038;-8775;)
(-4669;5034;-8775;)
(-4676;5043;-8774;)
(-4619;5063;-8774;)
(-4571;5110;-8771;)
(-4562;5137;-8771;)
(-4613;5064;-8771;)
(-4735;4959;-8771;)
(-4257;5456;-8770;)
(-4368;5328;-8770;)
(-4454;5278;-8770;)
(-4661;5044;-8770;)
(-4748;4943;-8770;)
(-4516;5117;-8768;)
(-4349;5376;-8767;)
(-4659;5072;-8767;)
(-4320;5367;-8765;)
(-4691;5019;-8765;)
(-4345;5330;-8764;)
(-4573;5135;-8764;)
(-4645;5067;-8764;)
(-4660;5033;-8764;)
(-4667;5033;-8763;)
(-4650;5054;-8763;)
(-4669;5055;-8762;)
(-4714;5021;-8762;)
(-4640;5119;-8762;)
(-4637;5094;-8762;)
(-4683;5036;-8761;)
(-4532;5104;-8761;)
(-4584;5061;-8761;)
(-4647;5071;-8761;)
(-4636;5096;-8761;)
(-4349;5382;-8760;)
(-4589;5061;-8760;)
(-4591;5079;-8760;)
(-4639;5087;-8760;)
(-4561;5055;-8759;)
(-4662;5069;-8759;)
(-4377;5294;-8758;)
(-4629;5053;-8758;)
(-4611;5104;-8758;)
(-4636;5029;-8758;)
(-4389;5317;-8757;)
(-4554;5123;-8757;)
(-4632;5029;-8757;)
(-4622;5026;-8757;)
(-4745;4974;-8757;)
(-4623;5022;-8756;)
(-4667;5043;-8756;)
(-4655;5053;-8756;)
(-4381;5300;-8755;)
(-4574;5079;-8755;)
(-4660;5056;-8755;)
(-4639;5063;-8755;)
(-3948;5254;23477;)
(-3952;5283;23465;)
(-3617;5095;23417;)
(-4023;5239;23392;)
(-4030;5291;23371;)
(-4094;5218;23367;)
(-4024;5286;23364;)
(-3920;5766;23350;)
(-4049;5187;23335;)
(-5024;6606;23332;)
(-3987;5274;23330;)
(-3724;5228;23324;)
(-4068;5171;23320;)
(-3981;5284;23306;)
(-4022;5253;23303;)
(-3765;5218;23288;)
(-4080;5304;23288;)
(-3846;5332;23287;)
(-3779;5292;23281;)
(-3835;5268;23281;)
(-3805;5327;23280;)
(-3810;5299;23280;)
(-4143;5229;23279;)
(-4028;5161;23277;)
(-3785;5310;23276;)
(-3796;5319;23275;)
(-4138;5230;23275;)
(-3788;5319;23274;)
(-4100;5240;23274;)
(-4034;5237;23274;)
(-4100;5242;23273;)
(-3808;5328;23272;)
(-3809;5295;23272;)
(-3780;5290;23272;)
(-3794;5324;23271;)
(-4093;5230;23271;)
(-3774;5303;23270;)
(-3789;5319;23270;)
(-3869;5926;23270;)
(-3813;5300;23269;)
(-3779;5281;23269;)
(-3781;5326;23268;)
(-3778;5280;23268;)
(-3789;5309;23267;)
(-3786;5316;23267;)
(-3791;5312;23267;)
(-3786;5317;23267;)
(-3767;5313;23266;)
(-3786;5319;23266;)
(-3766;5293;23266;)
(-3742;5222;23266;)
(-3773;5291;23265;)
(-3811;5280;23265;)
(-3784;5317;23265;)
(-3779;5284;23265;)
(-3943;5675;23265;)
(-3787;5309;23264;)
(-3796;5327;23264;)
(-3793;5321;23264;)
(-3814;5298;23264;)
(-3785;5312;23264;)
(-3782;5311;23264;)
(-3792;5298;23264;)
(-3768;5328;23264;)
(-3793;5331;23263;)
(-3792;5325;23263;)
(-3779;5351;23263;)
(-3781;5332;23263;)
(-3804;5296;23263;)
(-3772;5281;23262;)
(-3783;5313;23262;)
(-3785;5293;23262;)
(-3787;5320;23262;)
(-3780;5294;23262;)
(-3780;5330;23261;)
(-3778;5308;23261;)
(-3813;5336;23261;)
(-3798;5323;23261;)
(-3795;5322;23261;)
(-3804;5303;23261;)
(-3832;5303;23261;)
(-3793;5319;23261;)
(-3797;5318;23261;)
(-3788;5311;23261;)
(-3798;5301;23261;)
(-3789;5298;23261;)
(-3796;5330;23260;)
(-3786;5280;23260;)
(-3803;5324;23260;)
(-3801;5304;23260;)
(-3808;5300;23260;)
(-3769;5320;23260;)
(-3797;5292;23259;)
(-3768;5297;23259;)
(-3796;5334;23259;)
(-3781;5311;23259;)
(-3790;5289;23258;)
(-3826;5304;23258;)
(-3787;5282;23258;)
(-3784;5314;23258;)
(-3786;5298;23258;)
